X2,Xi,ri
1524370499716.0,437049971,0.437049971
191012677151100841,126771511,0.126771511
16071016001223121,101600122,0.101600122
10322584790414884,258479041,0.258479041
66811414636279681,141463627,0.141463627
20011957763995129,195776399,0.195776399
38328398405407201,839840540,0.83984054
705332132627491600,321326274,0.321326274
103250574362723076,505743627,0.505743627
